2.340000000000000000e+04,4.804179422570978852e-01
2.345000000000000000e+04,1.055873003661021103e+00
2.350000000000000000e+04,1.631795212623351032e+00
2.355000000000000000e+04,2.208195973366346543e+00
2.360000000000000000e+04,2.785081119288465246e+00
2.365000000000000000e+04,3.362453519649305722e+00
2.370000000000000000e+04,3.940315442953221226e+00
2.375000000000000000e+04,4.518667986810118720e+00
2.380000000000000000e+04,5.097511749151629523e+00
2.385000000000000000e+04,5.676846957541370031e+00
2.390000000000000000e+04,6.256673562647614872e+00
2.395000000000000000e+04,6.836991303383780583e+00
2.400000000000000000e+04,7.417799753206026914e+00
2.405000000000000000e+04,7.999098353782651216e+00
2.410000000000000000e+04,8.580886440207336818e+00
2.415000000000000000e+04,9.163163260208772698e+00
2.420000000000000000e+04,9.745927989119497425e+00
2.425000000000000000e+04,1.032917974176245401e+01
2.430000000000000000e+04,1.091291758202575046e+01
2.435000000000000000e+04,1.149714053058597862e+01
2.440000000000000000e+04,1.208184757137297538e+01
2.445000000000000000e+04,1.266703765689034356e+01
2.450000000000000000e+04,1.325270971269339348e+01
2.455000000000000000e+04,1.383886264119577447e+01
2.460000000000000000e+04,1.442549532495827513e+01
2.465000000000000000e+04,1.501260662942867086e+01
2.470000000000000000e+04,1.560019540536534244e+01
2.475000000000000000e+04,1.618826049096889719e+01
2.480000000000000000e+04,1.677680071367764469e+01
2.485000000000000000e+04,1.736581489179508964e+01
2.490000000000000000e+04,1.795530183591774076e+01
2.495000000000000000e+04,1.854526035017902430e+01
2.500000000000000000e+04,1.913568923336422500e+01
2.505000000000000000e+04,1.972658727991244376e+01
2.510000000000000000e+04,2.031795328080267637e+01
2.515000000000000000e+04,2.090978602434846323e+01
2.520000000000000000e+04,2.150208429692555967e+01
2.525000000000000000e+04,2.209484688360555182e+01
2.530000000000000000e+04,2.268807256873062173e+01
2.535000000000000000e+04,2.328176013645697040e+01
2.540000000000000000e+04,2.387590837122876763e+01
2.545000000000000000e+04,2.447051605819976317e+01
2.550000000000000000e+04,2.506558198363228840e+01
2.555000000000000000e+04,2.566110493526518965e+01
2.560000000000000000e+04,2.625708370261412128e+01
2.565000000000000000e+04,2.685351707730475823e+01
2.570000000000000000e+04,2.745040385330993615e+01
2.575000000000000000e+04,2.804774282722153345e+01
2.580000000000000000e+04,2.864553279847189415e+01
2.585000000000000000e+04,2.924377256952161375e+01
2.590000000000000000e+04,2.984246094607067690e+01
2.595000000000000000e+04,3.044159673723740767e+01
2.600000000000000000e+04,3.104117875569611584e+01
2.605000000000000000e+04,3.164120581783049246e+01
2.610000000000000000e+04,3.224167674387435056e+01
2.615000000000000000e+04,3.284259035802093507e+01
2.620000000000000000e+04,3.344394548855423466e+01
2.625000000000000000e+04,3.404574096791954219e+01
2.630000000000000000e+04,3.464797563284544424e+01
2.635000000000000000e+04,3.525064832441295692e+01
2.640000000000000000e+04,3.585375788813868070e+01
2.645000000000000000e+04,3.645730317403992160e+01
2.650000000000000000e+04,3.706128303670626423e+01
2.655000000000000000e+04,3.766569633535251427e+01
2.660000000000000000e+04,3.827054193386457825e+01
2.665000000000000000e+04,3.887581870085865177e+01
2.670000000000000000e+04,3.948152550972542940e+01
2.675000000000000000e+04,4.008766123863797759e+01
2.680000000000000000e+04,4.069422477062390442e+01
2.685000000000000000e+04,4.130121499357893811e+01
2.690000000000000000e+04,4.190863080028783827e+01
2.695000000000000000e+04,4.251647108845610745e+01
2.700000000000000000e+04,4.312473476072494094e+01
2.705000000000000000e+04,4.373342105464153207e+01
2.710000000000000000e+04,4.434252820874431222e+01
2.715000000000000000e+04,4.495205548540070595e+01
2.720000000000000000e+04,4.556200180709887348e+01
2.725000000000000000e+04,4.617236610130138530e+01
2.730000000000000000e+04,4.678314730050195891e+01
2.735000000000000000e+04,4.739434434217715619e+01
2.740000000000000000e+04,4.800595616882672090e+01
2.745000000000000000e+04,4.861798172793880468e+01
2.750000000000000000e+04,4.923041997202290787e+01
2.755000000000000000e+04,4.984326985856810666e+01
2.760000000000000000e+04,5.045653035007522647e+01
2.765000000000000000e+04,5.107020041401651866e+01
2.770000000000000000e+04,5.168427902285331044e+01
2.775000000000000000e+04,5.229876515400157189e+01
2.780000000000000000e+04,5.291365778985211676e+01
2.785000000000000000e+04,5.352895591774350237e+01
2.790000000000000000e+04,5.414465852993158279e+01
2.795000000000000000e+04,5.476076462361452712e+01
2.800000000000000000e+04,5.537727320089528860e+01
2.805000000000000000e+04,5.599418326875984775e+01
2.810000000000000000e+04,5.661149383908268362e+01
2.815000000000000000e+04,5.722920392860369532e+01
2.820000000000000000e+04,5.784731255890255852e+01
2.825000000000000000e+04,5.846581875639037662e+01
2.830000000000000000e+04,5.908472155228429301e+01
2.835000000000000000e+04,5.970401998259868037e+01
2.840000000000000000e+04,6.032371308812383148e+01
2.845000000000000000e+04,6.094379991440298738e+01
2.850000000000000000e+04,6.156427951171033897e+01
2.855000000000000000e+04,6.218515093503538793e+01
2.860000000000000000e+04,6.280641324406892068e+01
2.865000000000000000e+04,6.342806550316670666e+01
2.870000000000000000e+04,6.405010678133729130e+01
2.875000000000000000e+04,6.467253615223204122e+01
2.880000000000000000e+04,6.529535269409987563e+01
2.885000000000000000e+04,6.591855548977241597e+01
2.890000000000000000e+04,6.654214362666428428e+01
2.895000000000000000e+04,6.716611619671827782e+01
2.900000000000000000e+04,6.779047229640278260e+01
2.905000000000000000e+04,6.841521102668482968e+01
2.910000000000000000e+04,6.904033149300596506e+01
2.915000000000000000e+04,6.966583280525712496e+01
2.920000000000000000e+04,7.029171407776232172e+01
2.925000000000000000e+04,7.091797442925192740e+01
2.930000000000000000e+04,7.154461298283169413e+01
2.935000000000000000e+04,7.217162886597471072e+01
2.940000000000000000e+04,7.279902121048017705e+01
2.945000000000000000e+04,7.342678915247222449e+01
2.950000000000000000e+04,7.405493183235238064e+01
2.955000000000000000e+04,7.468344839479249231e+01
2.960000000000000000e+04,7.531233798870337637e+01
2.965000000000000000e+04,7.594159976721373084e+01
2.970000000000000000e+04,7.657123288765026814e+01
2.975000000000000000e+04,7.720123651150157684e+01
2.980000000000000000e+04,7.783160980440921151e+01
2.985000000000000000e+04,7.846235193613810566e+01
2.990000000000000000e+04,7.909346208054641636e+01
2.995000000000000000e+04,7.972493941557259234e+01
3.000000000000000000e+04,8.035678312320480643e+01
3.005000000000000000e+04,8.098899238946296464e+01
3.010000000000000000e+04,8.162156640436543853e+01
3.015000000000000000e+04,8.225450436191982817e+01
3.020000000000000000e+04,8.288780546007659211e+01
3.025000000000000000e+04,8.352146890073990448e+01
3.030000000000000000e+04,8.415549388971567168e+01
3.035000000000000000e+04,8.478987963669214878e+01
3.040000000000000000e+04,8.542462535523196721e+01
3.045000000000000000e+04,8.605973026272715742e+01
3.050000000000000000e+04,8.669519358040430745e+01
3.055000000000000000e+04,8.733101453327023478e+01
3.060000000000000000e+04,8.796719235010552040e+01
3.065000000000000000e+04,8.860372626345075275e+01
3.070000000000000000e+04,8.924061550956348299e+01
3.075000000000000000e+04,8.987785932840630210e+01
3.080000000000000000e+04,9.051545696362630622e+01
3.085000000000000000e+04,9.115340766252803917e+01
3.090000000000000000e+04,9.179171067605334144e+01
3.095000000000000000e+04,9.243036525874980214e+01
3.100000000000000000e+04,9.306937066877020470e+01
3.105000000000000000e+04,9.370872616783124442e+01
3.110000000000000000e+04,9.434843102119526748e+01
3.115000000000000000e+04,9.498848449765129942e+01
3.120000000000000000e+04,9.562888586949412684e+01
3.125000000000000000e+04,9.626963441249819198e+01
3.130000000000000000e+04,9.691072940590687779e+01
3.135000000000000000e+04,9.755217013238699053e+01
3.140000000000000000e+04,9.819395587804365277e+01
3.145000000000000000e+04,9.883608593235724982e+01
3.150000000000000000e+04,9.947855958820473177e+01
3.155000000000000000e+04,1.001213761417985637e+02
3.160000000000000000e+04,1.007645348926997002e+02
3.165000000000000000e+04,1.014080351437739864e+02
3.170000000000000000e+04,1.020518762011832479e+02
3.175000000000000000e+04,1.026960573743568972e+02
3.180000000000000000e+04,1.033405779759741847e+02
3.185000000000000000e+04,1.039854373219555868e+02
3.190000000000000000e+04,1.046306347314199172e+02
3.195000000000000000e+04,1.052761695266863597e+02
3.200000000000000000e+04,1.059220410332387132e+02
3.205000000000000000e+04,1.065682485797102714e+02
3.210000000000000000e+04,1.072147914978676653e+02
3.215000000000000000e+04,1.078616691225962398e+02
3.220000000000000000e+04,1.085088807918604488e+02
3.225000000000000000e+04,1.091564258467002446e+02
3.230000000000000000e+04,1.098043036312163281e+02
3.235000000000000000e+04,1.104525134925349477e+02
3.240000000000000000e+04,1.111010547808026132e+02
3.245000000000000000e+04,1.117499268491597348e+02
3.250000000000000000e+04,1.123991290537253604e+02
3.255000000000000000e+04,1.130486607535769679e+02
3.260000000000000000e+04,1.136985213107212900e+02
3.265000000000000000e+04,1.143487100901103872e+02
3.270000000000000000e+04,1.149992264595735492e+02
3.275000000000000000e+04,1.156500697898478336e+02
3.280000000000000000e+04,1.163012394545180257e+02
3.285000000000000000e+04,1.169527348300370733e+02
3.290000000000000000e+04,1.176045552956663443e+02
3.295000000000000000e+04,1.182567002335046169e+02
3.300000000000000000e+04,1.189091690284271294e+02
3.305000000000000000e+04,1.195619610680974034e+02
3.310000000000000000e+04,1.202150757429407548e+02
3.315000000000000000e+04,1.208685124461186717e+02
3.320000000000000000e+04,1.215222705735280329e+02
3.325000000000000000e+04,1.221763495237703978e+02
3.330000000000000000e+04,1.228307486981401553e+02
3.335000000000000000e+04,1.234854675006036899e+02
3.340000000000000000e+04,1.241405053377976628e+02
3.345000000000000000e+04,1.247958616189914380e+02
3.350000000000000000e+04,1.254515357560770639e+02
3.355000000000000000e+04,1.261075271635732662e+02
3.360000000000000000e+04,1.267638352585699408e+02
3.365000000000000000e+04,1.274204594607566321e+02
3.370000000000000000e+04,1.280773991923615540e+02
3.375000000000000000e+04,1.287346538781796426e+02
3.380000000000000000e+04,1.293922229455170338e+02
3.385000000000000000e+04,1.300501058242054455e+02
3.390000000000000000e+04,1.307083019465666496e+02
3.395000000000000000e+04,1.313668107474194073e+02
3.400000000000000000e+04,1.320256316640331988e+02
3.405000000000000000e+04,1.326847641361354420e+02
3.410000000000000000e+04,1.333442076058914267e+02
3.415000000000000000e+04,1.340039615178899339e+02
3.420000000000000000e+04,1.346640253191264947e+02
3.425000000000000000e+04,1.353243984589823015e+02
3.430000000000000000e+04,1.359850803892222757e+02
3.435000000000000000e+04,1.366460705639716195e+02
3.440000000000000000e+04,1.373073684396978820e+02
3.445000000000000000e+04,1.379689734752225831e+02
3.450000000000000000e+04,1.386308851316563562e+02
3.455000000000000000e+04,1.392931028724364069e+02
3.460000000000000000e+04,1.399556261632884286e+02
3.465000000000000000e+04,1.406184544722053147e+02
3.470000000000000000e+04,1.412815872694501991e+02
3.475000000000000000e+04,1.419450240275340605e+02
3.480000000000000000e+04,1.426087642212009712e+02
3.485000000000000000e+04,1.432728073274202245e+02
3.490000000000000000e+04,1.439371528253660699e+02
3.495000000000000000e+04,1.446018001964124835e+02
3.500000000000000000e+04,1.452667489240992609e+02
3.505000000000000000e+04,1.459319984941559483e+02
3.510000000000000000e+04,1.465975483944507971e+02
3.515000000000000000e+04,1.472633981150002001e+02
3.520000000000000000e+04,1.479295471479463515e+02
3.525000000000000000e+04,1.485959949875513360e+02
3.530000000000000000e+04,1.492627411301697578e+02
3.535000000000000000e+04,1.499297850742641742e+02
3.540000000000000000e+04,1.505971263203607577e+02
3.545000000000000000e+04,1.512647643710472494e+02
3.550000000000000000e+04,1.519326987309767389e+02
3.555000000000000000e+04,1.526009289068355201e+02
3.560000000000000000e+04,1.532694544073436873e+02
3.565000000000000000e+04,1.539382747432226779e+02
3.570000000000000000e+04,1.546073894272153382e+02
3.575000000000000000e+04,1.552767979740395674e+02
3.580000000000000000e+04,1.559464999004022729e+02
3.585000000000000000e+04,1.566164947249831130e+02
3.590000000000000000e+04,1.572867819684061601e+02
3.595000000000000000e+04,1.579573611532435393e+02
3.600000000000000000e+04,1.586282318040019277e+02
3.605000000000000000e+04,1.592993934471101056e+02
3.610000000000000000e+04,1.599708456109002555e+02
3.615000000000000000e+04,1.606425878256105193e+02
3.620000000000000000e+04,1.613146196233634555e+02
3.625000000000000000e+04,1.619869405381553804e+02
3.630000000000000000e+04,1.626595501058500872e+02
3.635000000000000000e+04,1.633324478641607982e+02
3.640000000000000000e+04,1.640056333526485730e+02
3.645000000000000000e+04,1.646791061127001399e+02
3.650000000000000000e+04,1.653528656875325851e+02
3.655000000000000000e+04,1.660269116221643344e+02
3.660000000000000000e+04,1.667012434634180238e+02
3.665000000000000000e+04,1.673758607599046400e+02
3.670000000000000000e+04,1.680507630620092527e+02
3.675000000000000000e+04,1.687259499218904182e+02
3.680000000000000000e+04,1.694014208934681562e+02
3.685000000000000000e+04,1.700771755323924026e+02
3.690000000000000000e+04,1.707532133960744147e+02
3.695000000000000000e+04,1.714295340436342769e+02
3.700000000000000000e+04,1.721061370359132070e+02
3.705000000000000000e+04,1.727830219354673602e+02
3.710000000000000000e+04,1.734601883065377592e+02
3.715000000000000000e+04,1.741376357150620890e+02
3.720000000000000000e+04,1.748153637286546314e+02
3.725000000000000000e+04,1.754933719165854029e+02
3.730000000000000000e+04,1.761716598497992834e+02
3.735000000000000000e+04,1.768502271008801472e+02
3.740000000000000000e+04,1.775290732440501529e+02
3.745000000000000000e+04,1.782081978551649684e+02
3.750000000000000000e+04,1.788876005116971157e+02
3.755000000000000000e+04,1.795672807927323049e+02
3.760000000000000000e+04,1.802472382789563028e+02
3.765000000000000000e+04,1.809274725526483678e+02
3.770000000000000000e+04,1.816079831976645664e+02
3.775000000000000000e+04,1.822887697994450207e+02
3.780000000000000000e+04,1.829698319449902613e+02
3.785000000000000000e+04,1.836511692228537811e+02
3.790000000000000000e+04,1.843327812231395342e+02
3.795000000000000000e+04,1.850146675374915901e+02
3.800000000000000000e+04,1.856968277590826517e+02
3.805000000000000000e+04,1.863792614826008673e+02
3.810000000000000000e+04,1.870619683042502288e+02
3.815000000000000000e+04,1.877449478217416754e+02
3.820000000000000000e+04,1.884281996342821230e+02
3.825000000000000000e+04,1.891117233425579229e+02
3.830000000000000000e+04,1.897955185487381868e+02
3.835000000000000000e+04,1.904795848564514813e+02
3.840000000000000000e+04,1.911639218708329224e+02
3.845000000000000000e+04,1.918485291984044068e+02
3.850000000000000000e+04,1.925334064471712452e+02
3.855000000000000000e+04,1.932185532265763470e+02
3.860000000000000000e+04,1.939039691474813196e+02
3.865000000000000000e+04,1.945896538221748244e+02
3.870000000000000000e+04,1.952756068643573428e+02
3.875000000000000000e+04,1.959618278891308023e+02
3.880000000000000000e+04,1.966483165130049997e+02
3.885000000000000000e+04,1.973350723538694069e+02
3.890000000000000000e+04,1.980220950309973205e+02
3.895000000000000000e+04,1.987093841650419392e+02
3.900000000000000000e+04,1.993969393780165831e+02
3.905000000000000000e+04,2.000847602932968528e+02
3.910000000000000000e+04,2.007728465356073855e+02
3.915000000000000000e+04,2.014611977310227644e+02
3.920000000000000000e+04,2.021498135069455486e+02
3.925000000000000000e+04,2.028386934921205409e+02
3.930000000000000000e+04,2.035278373166017332e+02
3.935000000000000000e+04,2.042172446117593552e+02
3.940000000000000000e+04,2.049069150102812102e+02
3.945000000000000000e+04,2.055968481461434010e+02
3.950000000000000000e+04,2.062870436546253927e+02
3.955000000000000000e+04,2.069775011722864235e+02
3.960000000000000000e+04,2.076682203369679200e+02
3.965000000000000000e+04,2.083592007877769277e+02
3.970000000000000000e+04,2.090504421651027087e+02
3.975000000000000000e+04,2.097419441105676867e+02
3.980000000000000000e+04,2.104337062670724947e+02
3.985000000000000000e+04,2.111257282787408087e+02
3.990000000000000000e+04,2.118180097909489916e+02
3.995000000000000000e+04,2.125105504502941756e+02
4.000000000000000000e+04,2.132033499046022769e+02
4.005000000000000000e+04,2.138964078029233349e+02
4.010000000000000000e+04,2.145897237955154822e+02
4.015000000000000000e+04,2.152832975338338031e+02
4.020000000000000000e+04,2.159771286705380078e+02
4.025000000000000000e+04,2.166712168594810635e+02
4.030000000000000000e+04,2.173655617557057838e+02
4.035000000000000000e+04,2.180601630154224893e+02
4.040000000000000000e+04,2.187550202960207173e+02
4.045000000000000000e+04,2.194501332560654134e+02
4.050000000000000000e+04,2.201455015552676286e+02
4.055000000000000000e+04,2.208411248545009755e+02
4.060000000000000000e+04,2.215370028157803404e+02
4.065000000000000000e+04,2.222331351022761510e+02
4.070000000000000000e+04,2.229295213782864948e+02
4.075000000000000000e+04,2.236261613092275979e+02
4.080000000000000000e+04,2.243230545616653444e+02
4.085000000000000000e+04,2.250202008032690628e+02
4.090000000000000000e+04,2.257175997028165000e+02
4.095000000000000000e+04,2.264152509301987379e+02
4.100000000000000000e+04,2.271131541564075746e+02
4.105000000000000000e+04,2.278113090535316303e+02
4.110000000000000000e+04,2.285097152947342636e+02
4.115000000000000000e+04,2.292083725542850345e+02
4.120000000000000000e+04,2.299072805075081760e+02
4.125000000000000000e+04,2.306064388308211335e+02
4.130000000000000000e+04,2.313058472016925577e+02
4.135000000000000000e+04,2.320055052986526789e+02
4.140000000000000000e+04,2.327054128013023160e+02
4.145000000000000000e+04,2.334055693902714381e+02
4.150000000000000000e+04,2.341059747472522190e+02
4.155000000000000000e+04,2.348066285549645045e+02
4.160000000000000000e+04,2.355075304971692276e+02
4.165000000000000000e+04,2.362086802586477461e+02
4.170000000000000000e+04,2.369100775252118751e+02
4.175000000000000000e+04,2.376117219836866070e+02
4.180000000000000000e+04,2.383136133219135502e+02
4.185000000000000000e+04,2.390157512287382531e+02
4.190000000000000000e+04,2.397181353940107726e+02
4.195000000000000000e+04,2.404207655085738509e+02
4.200000000000000000e+04,2.411236412642685991e+02
4.205000000000000000e+04,2.418267623539169620e+02
4.210000000000000000e+04,2.425301284713303289e+02
4.215000000000000000e+04,2.432337393112873372e+02
4.220000000000000000e+04,2.439375945695443875e+02
4.225000000000000000e+04,2.446416939428236788e+02
4.230000000000000000e+04,2.453460371288086321e+02
4.235000000000000000e+04,2.460506238261486658e+02
4.240000000000000000e+04,2.467554537344280732e+02
4.245000000000000000e+04,2.474605265541897552e+02
4.250000000000000000e+04,2.481658419869199577e+02
4.255000000000000000e+04,2.488713997350384659e+02
4.260000000000000000e+04,2.495771995019023564e+02
4.265000000000000000e+04,2.502832409917944005e+02
4.270000000000000000e+04,2.509895239099234345e+02
4.275000000000000000e+04,2.516960479624143261e+02
4.280000000000000000e+04,2.524028128563072926e+02
4.285000000000000000e+04,2.531098182995583841e+02
4.290000000000000000e+04,2.538170640010216346e+02
4.295000000000000000e+04,2.545245496704549453e+02
4.300000000000000000e+04,2.552322750185119276e+02
4.305000000000000000e+04,2.559402397567390040e+02
4.310000000000000000e+04,2.566484435975780229e+02
4.315000000000000000e+04,2.573568862543338014e+02
4.320000000000000000e+04,2.580655674412134886e+02
4.325000000000000000e+04,2.587744868732809778e+02
4.330000000000000000e+04,2.594836442664814626e+02
4.335000000000000000e+04,2.601930393376192114e+02
4.340000000000000000e+04,2.609026718043600113e+02
4.345000000000000000e+04,2.616125413852384440e+02
4.350000000000000000e+04,2.623226477996301469e+02
4.355000000000000000e+04,2.630329907677581787e+02
4.360000000000000000e+04,2.637435700106997274e+02
4.365000000000000000e+04,2.644543852503671815e+02
4.370000000000000000e+04,2.651654362095122792e+02
4.375000000000000000e+04,2.658767226117161613e+02
4.380000000000000000e+04,2.665882441813901096e+02
4.385000000000000000e+04,2.673000006437743536e+02
4.390000000000000000e+04,2.680119917249152763e+02
4.395000000000000000e+04,2.687242171516940061e+02
4.400000000000000000e+04,2.694366766517935616e+02
4.405000000000000000e+04,2.701493699537031148e+02
4.410000000000000000e+04,2.708622967867247553e+02
4.415000000000000000e+04,2.715754568809595639e+02
4.420000000000000000e+04,2.722888499672969260e+02
4.425000000000000000e+04,2.730024757774328918e+02
4.430000000000000000e+04,2.737163340438373780e+02
4.435000000000000000e+04,2.744304244997798605e+02
4.440000000000000000e+04,2.751447468793082862e+02
4.445000000000000000e+04,2.758593009172402617e+02
4.450000000000000000e+04,2.765740863491710684e+02
4.455000000000000000e+04,2.772891029114746289e+02
4.460000000000000000e+04,2.780043503412875907e+02
4.465000000000000000e+04,2.787198283764994926e+02
4.470000000000000000e+04,2.794355367557757859e+02
4.475000000000000000e+04,2.801514752185251496e+02
4.480000000000000000e+04,2.808676435049191014e+02
4.485000000000000000e+04,2.815840413558649402e+02
4.490000000000000000e+04,2.823006685130302458e+02
4.495000000000000000e+04,2.830175247188133767e+02
4.500000000000000000e+04,2.837346097163548961e+02
4.505000000000000000e+04,2.844519232495266010e+02
4.510000000000000000e+04,2.851694650629377747e+02
4.515000000000000000e+04,2.858872349019340504e+02
4.520000000000000000e+04,2.866052325125590414e+02
4.525000000000000000e+04,2.873234576415981110e+02
4.530000000000000000e+04,2.880419100365439817e+02
4.535000000000000000e+04,2.887605894456154374e+02
4.540000000000000000e+04,2.894794956177325389e+02
4.545000000000000000e+04,2.901986283025275384e+02
4.550000000000000000e+04,2.909179872503325441e+02
4.555000000000000000e+04,2.916375722121879903e+02
4.560000000000000000e+04,2.923573829398280282e+02
4.565000000000000000e+04,2.930774191856763764e+02
4.570000000000000000e+04,2.937976807028574058e+02
4.575000000000000000e+04,2.945181672451815302e+02
4.580000000000000000e+04,2.952388785671394658e+02
4.585000000000000000e+04,2.959598144239092790e+02
4.590000000000000000e+04,2.966809745713462689e+02
4.595000000000000000e+04,2.974023587659785335e+02
4.600000000000000000e+04,2.981239667650092429e+02
4.605000000000000000e+04,2.988457983263094206e+02
4.610000000000000000e+04,2.995678532084223207e+02
4.615000000000000000e+04,3.002901311705449530e+02
4.620000000000000000e+04,3.010126319725434314e+02
4.625000000000000000e+04,3.017353553749334765e+02
4.630000000000000000e+04,3.024583011488666671e+02
4.635000000000000000e+04,3.031814690262476688e+02
4.640000000000000000e+04,3.039048587994767558e+02
4.645000000000000000e+04,3.046284702216908045e+02
4.650000000000000000e+04,3.053523030566537955e+02
4.655000000000000000e+04,3.060763570687709603e+02
4.660000000000000000e+04,3.068006320230763890e+02
4.665000000000000000e+04,3.075251276852482647e+02
4.670000000000000000e+04,3.082498438215845340e+02
4.675000000000000000e+04,3.089747801990171183e+02
4.680000000000000000e+04,3.096999365851057178e+02
4.685000000000000000e+04,3.104253127480297962e+02
4.690000000000000000e+04,3.111509084565878993e+02
4.695000000000000000e+04,3.118767234801953805e+02
4.700000000000000000e+04,3.126027575888873571e+02
4.705000000000000000e+04,3.133290105532998382e+02
4.710000000000000000e+04,3.140554821446893357e+02
4.715000000000000000e+04,3.147821721349102404e+02
4.720000000000000000e+04,3.155090802964269869e+02
4.725000000000000000e+04,3.162362064022925665e+02
4.730000000000000000e+04,3.169635502261746751e+02
4.735000000000000000e+04,3.176911115423202432e+02
4.740000000000000000e+04,3.184188901255870405e+02
4.745000000000000000e+04,3.191468857514021238e+02
4.750000000000000000e+04,3.198750981957967383e+02
4.755000000000000000e+04,3.206035272353803407e+02
4.760000000000000000e+04,3.213321726473419631e+02
4.765000000000000000e+04,3.220610342094598764e+02
4.770000000000000000e+04,3.227901117000785689e+02
4.775000000000000000e+04,3.235194048981273909e+02
4.780000000000000000e+04,3.242489135831000908e+02
4.785000000000000000e+04,3.249786375350648768e+02
4.790000000000000000e+04,3.257085765346516268e+02
4.795000000000000000e+04,3.264387303630634278e+02
4.800000000000000000e+04,3.271690988020591249e+02
4.805000000000000000e+04,3.278996816339605402e+02
4.810000000000000000e+04,3.286304786416440606e+02
4.815000000000000000e+04,3.293614896085460941e+02
4.820000000000000000e+04,3.300927143186551689e+02
4.825000000000000000e+04,3.308241525565027246e+02
4.830000000000000000e+04,3.315558041071712410e+02
4.835000000000000000e+04,3.322876687562948632e+02
4.840000000000000000e+04,3.330197462900478058e+02
4.845000000000000000e+04,3.337520364951386682e+02
4.850000000000000000e+04,3.344845391588265784e+02
4.855000000000000000e+04,3.352172540688944196e+02
4.860000000000000000e+04,3.359501810136699191e+02
4.865000000000000000e+04,3.366833197820032524e+02
4.870000000000000000e+04,3.374166701632812533e+02
4.875000000000000000e+04,3.381502319474140563e+02
4.880000000000000000e+04,3.388840049248336754e+02
4.885000000000000000e+04,3.396179888865052021e+02
4.890000000000000000e+04,3.403521836239000322e+02
4.895000000000000000e+04,3.410865889290233213e+02
4.900000000000000000e+04,3.418212045943846533e+02
4.905000000000000000e+04,3.425560304130095233e+02
4.910000000000000000e+04,3.432910661784383706e+02
4.915000000000000000e+04,3.440263116847164042e+02
4.920000000000000000e+04,3.447617667264007650e+02
4.925000000000000000e+04,3.454974310985565467e+02
4.930000000000000000e+04,3.462333045967500880e+02
4.935000000000000000e+04,3.469693870170309538e+02
4.940000000000000000e+04,3.477056781559802516e+02
4.945000000000000000e+04,3.484421778106474790e+02
4.950000000000000000e+04,3.491788857785961682e+02
4.955000000000000000e+04,3.499158018578677343e+02
4.960000000000000000e+04,3.506529258470075092e+02
4.965000000000000000e+04,3.513902575450373433e+02
4.970000000000000000e+04,3.521277967514759553e+02
4.975000000000000000e+04,3.528655432663166494e+02
4.980000000000000000e+04,3.536034968900447097e+02
4.985000000000000000e+04,3.543416574236245538e+02
4.990000000000000000e+04,3.550800246684913191e+02
4.995000000000000000e+04,3.558185984265635966e+02
5.000000000000000000e+04,3.565573785002305272e+02
5.005000000000000000e+04,3.572963646923589067e+02
5.010000000000000000e+04,3.580355568062872749e+02
5.015000000000000000e+04,3.587749546458122154e+02
5.020000000000000000e+04,3.595145580152058642e+02
5.025000000000000000e+04,3.602543667192067005e+02
5.030000000000000000e+04,3.609943805630077236e+02
5.035000000000000000e+04,3.617345993522802132e+02
5.040000000000000000e+04,3.624750228931334277e+02
5.045000000000000000e+04,3.632156509921421730e+02
5.050000000000000000e+04,3.639564834563458362e+02
5.055000000000000000e+04,3.646975200932228063e+02
5.060000000000000000e+04,3.654387607107142912e+02
5.065000000000000000e+04,3.661802051172116990e+02
5.070000000000000000e+04,3.669218531215421990e+02
5.075000000000000000e+04,3.676637045329949274e+02
5.080000000000000000e+04,3.684057591612939859e+02
5.085000000000000000e+04,3.691480168166061731e+02
5.090000000000000000e+04,3.698904773095450764e+02
5.095000000000000000e+04,3.706331404511618643e+02
5.100000000000000000e+04,3.713760060529408520e+02
5.105000000000000000e+04,3.721190739268047309e+02
5.110000000000000000e+04,3.728623438851155356e+02
5.115000000000000000e+04,3.736058157406545206e+02
5.120000000000000000e+04,3.743494893066461486e+02
5.125000000000000000e+04,3.750933643967356943e+02
5.130000000000000000e+04,3.758374408250042507e+02
5.135000000000000000e+04,3.765817184059487772e+02
5.140000000000000000e+04,3.773261969544948897e+02
5.145000000000000000e+04,3.780708762859874241e+02
5.150000000000000000e+04,3.788157562161938472e+02
5.155000000000000000e+04,3.795608365613021533e+02
5.160000000000000000e+04,3.803061171379121674e+02
5.165000000000000000e+04,3.810515977630516318e+02
5.170000000000000000e+04,3.817972782541345964e+02
5.175000000000000000e+04,3.825431584290192859e+02
5.180000000000000000e+04,3.832892381059559739e+02
5.185000000000000000e+04,3.840355171036062529e+02
5.190000000000000000e+04,3.847819952410399651e+02
5.195000000000000000e+04,3.855286723377399767e+02
5.200000000000000000e+04,3.862755482135805778e+02
5.205000000000000000e+04,3.870226226888398173e+02
5.210000000000000000e+04,3.877698955842162150e+02
5.215000000000000000e+04,3.885173667207853327e+02
5.220000000000000000e+04,3.892650359200245020e+02
5.225000000000000000e+04,3.900129030038141309e+02
5.230000000000000000e+04,3.907609677944276996e+02
5.235000000000000000e+04,3.915092301145277247e+02
5.240000000000000000e+04,3.922576897871729784e+02
5.245000000000000000e+04,3.930063466358075743e+02
5.250000000000000000e+04,3.937552004842742690e+02
5.255000000000000000e+04,3.945042511567887118e+02
5.260000000000000000e+04,3.952534984779649108e+02
5.265000000000000000e+04,3.960029422727951101e+02
5.270000000000000000e+04,3.967525823666482552e+02
5.275000000000000000e+04,3.975024185852931851e+02
5.280000000000000000e+04,3.982524507548591828e+02
5.285000000000000000e+04,3.990026787018587697e+02
5.290000000000000000e+04,3.997531022531913436e+02
5.295000000000000000e+04,4.005037212361170305e+02
5.300000000000000000e+04,4.012545354782827189e+02
5.305000000000000000e+04,4.020055448076944344e+02
5.310000000000000000e+04,4.027567490527527525e+02
5.315000000000000000e+04,4.035081480421966376e+02
5.320000000000000000e+04,4.042597416051571599e+02
5.325000000000000000e+04,4.050115295711250383e+02
5.330000000000000000e+04,4.057635117699562670e+02
5.335000000000000000e+04,4.065156880318661479e+02
5.340000000000000000e+04,4.072680581874423638e+02
5.345000000000000000e+04,4.080206220676261637e+02
5.350000000000000000e+04,4.087733795037342475e+02
5.355000000000000000e+04,4.095263303274082887e+02
5.360000000000000000e+04,4.102794743706884901e+02
5.365000000000000000e+04,4.110328114660112533e+02
5.370000000000000000e+04,4.117863414459022806e+02
5.375000000000000000e+04,4.125400641436564797e+02
5.380000000000000000e+04,4.132939793926400398e+02
5.385000000000000000e+04,4.140480870266396209e+02
5.390000000000000000e+04,4.148023868797959608e+02
5.395000000000000000e+04,4.155568787865919376e+02
5.400000000000000000e+04,4.163115625818585954e+02
5.405000000000000000e+04,4.170664381007771340e+02
5.410000000000000000e+04,4.178215051788771461e+02
5.415000000000000000e+04,4.185767636520104134e+02
5.420000000000000000e+04,4.193322133563891043e+02
5.425000000000000000e+04,4.200878541285653682e+02
5.430000000000000000e+04,4.208436858054219556e+02
5.435000000000000000e+04,4.215997082241854059e+02
5.440000000000000000e+04,4.223559212224133148e+02
5.445000000000000000e+04,4.231123246380169007e+02
5.450000000000000000e+04,4.238689183092108124e+02
5.455000000000000000e+04,4.246257020745701425e+02
5.460000000000000000e+04,4.253826757729871133e+02
5.465000000000000000e+04,4.261398392436918812e+02
5.470000000000000000e+04,4.268971923262394625e+02
5.475000000000000000e+04,4.276547348605146794e+02
5.480000000000000000e+04,4.284124666867363658e+02
5.485000000000000000e+04,4.291703876454320152e+02
5.490000000000000000e+04,4.299284975774681925e+02
5.495000000000000000e+04,4.306867963240334234e+02
5.500000000000000000e+04,4.314452837266367169e+02
5.505000000000000000e+04,4.322039596271065989e+02
5.510000000000000000e+04,4.329628238675905436e+02
5.515000000000000000e+04,4.337218762905579297e+02
5.520000000000000000e+04,4.344811167387989599e+02
5.525000000000000000e+04,4.352405450554082904e+02
5.530000000000000000e+04,4.360001610838172610e+02
5.535000000000000000e+04,4.367599646677427359e+02
5.540000000000000000e+04,4.375199556512434924e+02
5.545000000000000000e+04,4.382801338786700285e+02
5.550000000000000000e+04,4.390404991946973610e+02
5.555000000000000000e+04,4.398010514442968883e+02
5.560000000000000000e+04,4.405617904727624250e+02
5.565000000000000000e+04,4.413227161256824616e+02
5.570000000000000000e+04,4.420838282489663129e+02
5.575000000000000000e+04,4.428451266888159807e+02
5.580000000000000000e+04,4.436066112917395685e+02
5.585000000000000000e+04,4.443682819045595238e+02
5.590000000000000000e+04,4.451301383743913789e+02
5.595000000000000000e+04,4.458921805486492644e+02
5.600000000000000000e+04,4.466544082750517077e+02
5.605000000000000000e+04,4.474168214016195293e+02
5.610000000000000000e+04,4.481794197766617458e+02
5.615000000000000000e+04,4.489422032487970569e+02
5.620000000000000000e+04,4.497051716669311077e+02
5.625000000000000000e+04,4.504683248802761568e+02
5.630000000000000000e+04,4.512316627382986098e+02
5.635000000000000000e+04,4.519951850908192341e+02
5.640000000000000000e+04,4.527588917879061228e+02
5.645000000000000000e+04,4.535227826799358013e+02
5.650000000000000000e+04,4.542868576175653175e+02
5.655000000000000000e+04,4.550511164517456564e+02
5.660000000000000000e+04,4.558155590337215699e+02
5.665000000000000000e+04,4.565801852150148648e+02
5.670000000000000000e+04,4.573449948474271309e+02
5.675000000000000000e+04,4.581099877830689024e+02
5.680000000000000000e+04,4.588751638743032117e+02
5.685000000000000000e+04,4.596405229738041953e+02
5.690000000000000000e+04,4.604060649345138359e+02
5.695000000000000000e+04,4.611717896096535583e+02
5.700000000000000000e+04,4.619376968527276972e+02
5.705000000000000000e+04,4.627037865175223601e+02
5.710000000000000000e+04,4.634700584580961049e+02
5.715000000000000000e+04,4.642365125287915362e+02
5.720000000000000000e+04,4.650031485842209804e+02
5.725000000000000000e+04,4.657699664792676799e+02
5.730000000000000000e+04,4.665369660691029594e+02
5.735000000000000000e+04,4.673041472091645119e+02
5.740000000000000000e+04,4.680715097551597523e+02
5.745000000000000000e+04,4.688390535630673526e+02
5.750000000000000000e+04,4.696067784891365022e+02
5.755000000000000000e+04,4.703746843898964585e+02
5.760000000000000000e+04,4.711427711221228378e+02
5.765000000000000000e+04,4.719110385428879795e+02
5.770000000000000000e+04,4.726794865095107525e+02
5.775000000000000000e+04,4.734481148795732111e+02
5.780000000000000000e+04,4.742169235109358851e+02
5.785000000000000000e+04,4.749859122617229445e+02
5.790000000000000000e+04,4.757550809903081586e+02
5.795000000000000000e+04,4.765244295553445113e+02
5.800000000000000000e+04,4.772939578157268556e+02
5.805000000000000000e+04,4.780636656306251666e+02
5.810000000000000000e+04,4.788335528594813582e+02
5.815000000000000000e+04,4.796036193619570440e+02
5.820000000000000000e+04,4.803738649980156197e+02
5.825000000000000000e+04,4.811442896278412604e+02
5.830000000000000000e+04,4.819148931119032682e+02
5.835000000000000000e+04,4.826856753109071860e+02
5.840000000000000000e+04,4.834566360858171379e+02
5.845000000000000000e+04,4.842277752978581020e+02
5.850000000000000000e+04,4.849990928085110795e+02
5.855000000000000000e+04,4.857705884794866620e+02
5.860000000000000000e+04,4.865422621727680053e+02
5.865000000000000000e+04,4.873141137505881488e+02
5.870000000000000000e+04,4.880861430754189314e+02
5.875000000000000000e+04,4.888583500099830417e+02
5.880000000000000000e+04,4.896307344172554963e+02
5.885000000000000000e+04,4.904032961604585807e+02
5.890000000000000000e+04,4.911760351030580978e+02
5.895000000000000000e+04,4.919489511087714959e+02
5.900000000000000000e+04,4.927220440415482585e+02
5.905000000000000000e+04,4.934953137655957107e+02
5.910000000000000000e+04,4.942687601453504840e+02
5.915000000000000000e+04,4.950423830455055167e+02
5.920000000000000000e+04,4.958161823309829401e+02
5.925000000000000000e+04,4.965901578669626133e+02
5.930000000000000000e+04,4.973643095188442089e+02
5.935000000000000000e+04,4.981386371522788181e+02
5.940000000000000000e+04,4.989131406331518974e+02
5.945000000000000000e+04,4.996878198275871341e+02
5.950000000000000000e+04,5.004626746019437178e+02
5.955000000000000000e+04,5.012377048228275953e+02
5.960000000000000000e+04,5.020129103570605480e+02
5.965000000000000000e+04,5.027882910717136156e+02
5.970000000000000000e+04,5.035638468340882810e+02
5.975000000000000000e+04,5.043395775117285780e+02
5.980000000000000000e+04,5.051154829723873831e+02
5.985000000000000000e+04,5.058915630840573385e+02
5.990000000000000000e+04,5.066678177149877342e+02
5.995000000000000000e+04,5.074442467336199343e+02
6.000000000000000000e+04,5.082208500086468348e+02
6.005000000000000000e+04,5.089976274089935373e+02
6.010000000000000000e+04,5.097745788037943271e+02
6.015000000000000000e+04,5.105517040624289962e+02
6.020000000000000000e+04,5.113290030544960700e+02
6.025000000000000000e+04,5.121064756498149109e+02
6.030000000000000000e+04,5.128841217184404968e+02
6.035000000000000000e+04,5.136619411306404572e+02
6.040000000000000000e+04,5.144399337569174122e+02
6.045000000000000000e+04,5.152180994679945343e+02
6.050000000000000000e+04,5.159964381348078177e+02
6.055000000000000000e+04,5.167749496285293844e+02
6.060000000000000000e+04,5.175536338205370157e+02
6.065000000000000000e+04,5.183324905824390498e+02
6.070000000000000000e+04,5.191115197860589205e+02
6.075000000000000000e+04,5.198907213034460710e+02
6.080000000000000000e+04,5.206700950068538987e+02
6.085000000000000000e+04,5.214496407687661303e+02
6.090000000000000000e+04,5.222293584618815885e+02
6.095000000000000000e+04,5.230092479591115762e+02
6.100000000000000000e+04,5.237893091335745339e+02
6.105000000000000000e+04,5.245695418586210508e+02
6.110000000000000000e+04,5.253499460078051015e+02
6.115000000000000000e+04,5.261305214548996219e+02
6.120000000000000000e+04,5.269112680738707013e+02
6.125000000000000000e+04,5.276921857389490924e+02
6.130000000000000000e+04,5.284732743245061783e+02
6.135000000000000000e+04,5.292545337051675460e+02
6.140000000000000000e+04,5.300359637557593260e+02
6.145000000000000000e+04,5.308175643513222894e+02
6.150000000000000000e+04,5.315993353671016166e+02
6.155000000000000000e+04,5.323812766785418944e+02
6.160000000000000000e+04,5.331633881613051926e+02
6.165000000000000000e+04,5.339456696912853886e+02
6.170000000000000000e+04,5.347281211445196050e+02
6.175000000000000000e+04,5.355107423973063305e+02
6.180000000000000000e+04,5.362935333261258393e+02
6.185000000000000000e+04,5.370764938076716817e+02
6.190000000000000000e+04,5.378596237188247642e+02
6.195000000000000000e+04,5.386429229366973459e+02
6.200000000000000000e+04,5.394263913385776732e+02
6.205000000000000000e+04,5.402100288019616983e+02
6.210000000000000000e+04,5.409938352045685406e+02
6.215000000000000000e+04,5.417778104242819381e+02
6.220000000000000000e+04,5.425619543392207333e+02
6.225000000000000000e+04,5.433462668276721388e+02
6.230000000000000000e+04,5.441307477681510818e+02
6.235000000000000000e+04,5.449153970393405189e+02
6.240000000000000000e+04,5.457002145201568055e+02
6.245000000000000000e+04,5.464852000896787558e+02
6.250000000000000000e+04,5.472703536272030078e+02
6.255000000000000000e+04,5.480556750122127596e+02
6.260000000000000000e+04,5.488411641244018710e+02
6.265000000000000000e+04,5.496268208436357554e+02
6.270000000000000000e+04,5.504126450499802559e+02
6.275000000000000000e+04,5.511986366237135826e+02
6.280000000000000000e+04,5.519847954452844760e+02
6.285000000000000000e+04,5.527711213953502920e+02
6.290000000000000000e+04,5.535576143547517631e+02
6.295000000000000000e+04,5.543442742045108389e+02
6.300000000000000000e+04,5.551311008258592210e+02
6.305000000000000000e+04,5.559180941002216514e+02
6.310000000000000000e+04,5.567052539091877179e+02
6.315000000000000000e+04,5.574925801345572154e+02
6.320000000000000000e+04,5.582800726583041069e+02
6.325000000000000000e+04,5.590677313626077876e+02
6.330000000000000000e+04,5.598555561298143175e+02
6.335000000000000000e+04,5.606435468424798501e+02
6.340000000000000000e+04,5.614317033833254982e+02
6.345000000000000000e+04,5.622200256352729184e+02
6.350000000000000000e+04,5.630085134814186176e+02
6.355000000000000000e+04,5.637971668050421385e+02
6.360000000000000000e+04,5.645859854896392562e+02
6.365000000000000000e+04,5.653749694188393278e+02
6.370000000000000000e+04,5.661641184764823720e+02
6.375000000000000000e+04,5.669534325465865550e+02
6.380000000000000000e+04,5.677429115133656978e+02
6.385000000000000000e+04,5.685325552611886906e+02
6.390000000000000000e+04,5.693223636746204193e+02
6.395000000000000000e+04,5.701123366384135807e+02
6.400000000000000000e+04,5.709024740374841258e+02
6.405000000000000000e+04,5.716927757569442292e+02
6.410000000000000000e+04,5.724832416820577237e+02
6.415000000000000000e+04,5.732738716983160430e+02
6.420000000000000000e+04,5.740646656913260131e+02
6.425000000000000000e+04,5.748556235469188778e+02
6.430000000000000000e+04,5.756467451510933415e+02
6.435000000000000000e+04,5.764380303900022682e+02
6.440000000000000000e+04,5.772294791500064548e+02
6.445000000000000000e+04,5.780210913176114218e+02
6.450000000000000000e+04,5.788128667795193678e+02
6.455000000000000000e+04,5.796048054226081376e+02
6.460000000000000000e+04,5.803969071339054153e+02
6.465000000000000000e+04,5.811891718006361316e+02
6.470000000000000000e+04,5.819815993101866525e+02
6.475000000000000000e+04,5.827741895501196723e+02
6.480000000000000000e+04,5.835669424081715988e+02
6.485000000000000000e+04,5.843598577722448226e+02
6.490000000000000000e+04,5.851529355304155615e+02
6.495000000000000000e+04,5.859461755709302224e+02
6.500000000000000000e+04,5.867395777822002856e+02
6.505000000000000000e+04,5.875331420528223134e+02
6.510000000000000000e+04,5.883268682715419118e+02
6.515000000000000000e+04,5.891207563272795369e+02
6.520000000000000000e+04,5.899148061091392492e+02
6.525000000000000000e+04,5.907090175063723336e+02
6.530000000000000000e+04,5.915033904084071992e+02
6.535000000000000000e+04,5.922979247048278921e+02
6.540000000000000000e+04,5.930926202853910354e+02
6.545000000000000000e+04,5.938874770400484522e+02
6.550000000000000000e+04,5.946824948588598545e+02
6.555000000000000000e+04,5.954776736320878854e+02
6.560000000000000000e+04,5.962730132501594653e+02
6.565000000000000000e+04,5.970685136036440781e+02
6.570000000000000000e+04,5.978641745833000414e+02
6.575000000000000000e+04,5.986599960800180042e+02
6.580000000000000000e+04,5.994559779849067809e+02
6.585000000000000000e+04,6.002521201891586315e+02
6.590000000000000000e+04,6.010484225841892112e+02
6.595000000000000000e+04,6.018448850615535548e+02
6.600000000000000000e+04,6.026415075129667684e+02
6.605000000000000000e+04,6.034382898303042566e+02
6.610000000000000000e+04,6.042352319055992211e+02
6.615000000000000000e+04,6.050323336310605100e+02
6.620000000000000000e+04,6.058295948990369197e+02
6.625000000000000000e+04,6.066270156020315198e+02
6.630000000000000000e+04,6.074245956327433760e+02
6.635000000000000000e+04,6.082223348839773962e+02
6.640000000000000000e+04,6.090202332487353942e+02
6.645000000000000000e+04,6.098182906201520836e+02
6.650000000000000000e+04,6.106165068915295251e+02
6.655000000000000000e+04,6.114148819563326924e+02
6.660000000000000000e+04,6.122134157081558214e+02
6.665000000000000000e+04,6.130121080407845966e+02
6.670000000000000000e+04,6.138109588481297578e+02
6.675000000000000000e+04,6.146099680242701879e+02
6.680000000000000000e+04,6.154091354634330173e+02
6.685000000000000000e+04,6.162084610600157930e+02
6.690000000000000000e+04,6.170079447085382753e+02
6.695000000000000000e+04,6.178075863036932560e+02
6.700000000000000000e+04,6.186073857403222291e+02
6.705000000000000000e+04,6.194073429134210755e+02
6.710000000000000000e+04,6.202074577181333552e+02
6.715000000000000000e+04,6.210077300497478063e+02
6.720000000000000000e+04,6.218081598037153981e+02
6.725000000000000000e+04,6.226087468756378485e+02
6.730000000000000000e+04,6.234094911612576198e+02
6.735000000000000000e+04,6.242103925564672409e+02
6.740000000000000000e+04,6.250114509573113537e+02
6.745000000000000000e+04,6.258126662599837573e+02
6.750000000000000000e+04,6.266140383608277489e+02
6.755000000000000000e+04,6.274155671563271426e+02
6.760000000000000000e+04,6.282172525431245731e+02
6.765000000000000000e+04,6.290190944180018278e+02
6.770000000000000000e+04,6.298210926778731391e+02
6.775000000000000000e+04,6.306232472198589676e+02
6.780000000000000000e+04,6.314255579411405961e+02
6.785000000000000000e+04,6.322280247390929162e+02
6.790000000000000000e+04,6.330306475112344060e+02
6.795000000000000000e+04,6.338334261552242879e+02
6.800000000000000000e+04,6.346363605688572989e+02
6.805000000000000000e+04,6.354394506500907482e+02
6.810000000000000000e+04,6.362426962970074555e+02
6.815000000000000000e+04,6.370460974078303025e+02
6.820000000000000000e+04,6.378496538809531557e+02
6.825000000000000000e+04,6.386533656148878890e+02
6.830000000000000000e+04,6.394572325082846191e+02
6.835000000000000000e+04,6.402612544599707007e+02
6.840000000000000000e+04,6.410654313688502270e+02
6.845000000000000000e+04,6.418697631340373846e+02
6.850000000000000000e+04,6.426742496547522023e+02
6.855000000000000000e+04,6.434788908303529524e+02
6.860000000000000000e+04,6.442836865603560454e+02
6.865000000000000000e+04,6.450886367444109055e+02
6.870000000000000000e+04,6.458937412822519946e+02
6.875000000000000000e+04,6.466990000738574054e+02
6.880000000000000000e+04,6.475044130192694638e+02
6.885000000000000000e+04,6.483099800186911352e+02
6.890000000000000000e+04,6.491157009724585123e+02
6.895000000000000000e+04,6.499215757810167133e+02
6.900000000000000000e+04,6.507276043451000760e+02
6.905000000000000000e+04,6.515337865652402343e+02
6.910000000000000000e+04,6.523401223424951922e+02
6.915000000000000000e+04,6.531466115778309813e+02
6.920000000000000000e+04,6.539532541724067869e+02
6.925000000000000000e+04,6.547600500275156037e+02
6.930000000000000000e+04,6.555669990445791200e+02
6.935000000000000000e+04,6.563741011251686359e+02
6.940000000000000000e+04,6.571813561709644773e+02
6.945000000000000000e+04,6.579887640838053358e+02
6.950000000000000000e+04,6.587963247656546173e+02
6.955000000000000000e+04,6.596040381186030572e+02
6.960000000000000000e+04,6.604119040448823625e+02
6.965000000000000000e+04,6.612199224468713510e+02
6.970000000000000000e+04,6.620280932270420635e+02
6.975000000000000000e+04,6.628364162880201320e+02
6.980000000000000000e+04,6.636448915325759117e+02
6.985000000000000000e+04,6.644535188635974237e+02
6.990000000000000000e+04,6.652622981840952434e+02
6.995000000000000000e+04,6.660712293972277394e+02
7.000000000000000000e+04,6.668803124062693541e+02
7.005000000000000000e+04,6.676895471146463024e+02
7.010000000000000000e+04,6.684989334258766576e+02
7.015000000000000000e+04,6.693084712436425434e+02
7.020000000000000000e+04,6.701181604717489790e+02
7.025000000000000000e+04,6.709280010141129651e+02
7.030000000000000000e+04,6.717379927747911097e+02
7.035000000000000000e+04,6.725481356579682597e+02
7.040000000000000000e+04,6.733584295679628440e+02
7.045000000000000000e+04,6.741688744092070920e+02
7.050000000000000000e+04,6.749794700862714762e+02
7.055000000000000000e+04,6.757902165038449311e+02
7.060000000000000000e+04,6.766011135667464487e+02
7.065000000000000000e+04,6.774121611799265565e+02
7.070000000000000000e+04,6.782233592484504925e+02
7.075000000000000000e+04,6.790347076775192363e+02
7.080000000000000000e+04,6.798462063724621203e+02
7.085000000000000000e+04,6.806578552387088621e+02
7.090000000000000000e+04,6.814696541818422020e+02
7.095000000000000000e+04,6.822816031075593628e+02
7.100000000000000000e+04,6.830937019216825092e+02
7.105000000000000000e+04,6.839059505301431727e+02
7.110000000000000000e+04,6.847183488390181765e+02
7.115000000000000000e+04,6.855308967545036012e+02
7.120000000000000000e+04,6.863435941828983005e+02
7.125000000000000000e+04,6.871564410306420996e+02
7.130000000000000000e+04,6.879694372043052226e+02
7.135000000000000000e+04,6.887825826105473652e+02
7.140000000000000000e+04,6.895958771561874983e+02
7.145000000000000000e+04,6.904093207481416812e+02
7.150000000000000000e+04,6.912229132934456857e+02
7.155000000000000000e+04,6.920366546992796657e+02
7.160000000000000000e+04,6.928505448729160889e+02
7.165000000000000000e+04,6.936645837217688495e+02
7.170000000000000000e+04,6.944787711533545007e+02
7.175000000000000000e+04,6.952931070753239737e+02
7.180000000000000000e+04,6.961075913954570069e+02
7.185000000000000000e+04,6.969222240215841566e+02
7.190000000000000000e+04,6.977370048617624434e+02
7.195000000000000000e+04,6.985519338240834486e+02
7.200000000000000000e+04,6.993670108168034858e+02
7.205000000000000000e+04,7.001822357482581083e+02
7.210000000000000000e+04,7.009976085269395298e+02
7.215000000000000000e+04,7.018131290614312547e+02
7.220000000000000000e+04,7.026287972604404786e+02
7.225000000000000000e+04,7.034446130327731908e+02
7.230000000000000000e+04,7.042605762874281936e+02
7.235000000000000000e+04,7.050766869334001967e+02
7.240000000000000000e+04,7.058929448798990052e+02
7.245000000000000000e+04,7.067093500361938823e+02
7.250000000000000000e+04,7.075259023117027937e+02
7.255000000000000000e+04,7.083426016159459095e+02
7.260000000000000000e+04,7.091594478585528805e+02
7.265000000000000000e+04,7.099764409492651112e+02
7.270000000000000000e+04,7.107935807979620222e+02
7.275000000000000000e+04,7.116108673146115962e+02
7.280000000000000000e+04,7.124283004093078944e+02
7.285000000000000000e+04,7.132458799922590060e+02
7.290000000000000000e+04,7.140636059737762480e+02
7.295000000000000000e+04,7.148814782642944010e+02
7.300000000000000000e+04,7.156994967743576126e+02
7.305000000000000000e+04,7.165176614146201928e+02
7.310000000000000000e+04,7.173359720958574144e+02
7.315000000000000000e+04,7.181544287289353861e+02
7.320000000000000000e+04,7.189730312248674409e+02
7.325000000000000000e+04,7.197917794947645689e+02
7.330000000000000000e+04,7.206106734497698199e+02
7.335000000000000000e+04,7.214297130012886328e+02
7.340000000000000000e+04,7.222488980607337226e+02
7.345000000000000000e+04,7.230682285396405860e+02
7.350000000000000000e+04,7.238877043496739816e+02
7.355000000000000000e+04,7.247073254026046243e+02
7.360000000000000000e+04,7.255270916103057743e+02
7.365000000000000000e+04,7.263470028847565345e+02
7.370000000000000000e+04,7.271670591380601536e+02
7.375000000000000000e+04,7.279872602824187879e+02
7.380000000000000000e+04,7.288076062301412321e+02
7.385000000000000000e+04,7.296280968936519002e+02
7.390000000000000000e+04,7.304487321854757056e+02
7.395000000000000000e+04,7.312695120182535220e+02
7.400000000000000000e+04,7.320904363047312700e+02
7.405000000000000000e+04,7.329115049577568470e+02
7.410000000000000000e+04,7.337327178902717151e+02
7.415000000000000000e+04,7.345540750153960516e+02
7.420000000000000000e+04,7.353755762462482153e+02
7.425000000000000000e+04,7.361972214961265308e+02
7.430000000000000000e+04,7.370190106784139061e+02
7.435000000000000000e+04,7.378409437066064811e+02
7.440000000000000000e+04,7.386630204942950968e+02
7.445000000000000000e+04,7.394852409551863275e+02
7.450000000000000000e+04,7.403076050030897477e+02
7.455000000000000000e+04,7.411301125519120205e+02
7.460000000000000000e+04,7.419527635156732686e+02
7.465000000000000000e+04,7.427755578084947956e+02
7.470000000000000000e+04,7.435984953446030659e+02
7.475000000000000000e+04,7.444215760383320912e+02
7.480000000000000000e+04,7.452447998041089932e+02
7.485000000000000000e+04,7.460681665564785590e+02
7.490000000000000000e+04,7.468916762100740243e+02
7.495000000000000000e+04,7.477153286796482234e+02
7.500000000000000000e+04,7.485391238800480096e+02
7.505000000000000000e+04,7.493630617262058422e+02
7.510000000000000000e+04,7.501871421331907186e+02
7.515000000000000000e+04,7.510113650161561054e+02
7.520000000000000000e+04,7.518357302903536947e+02
7.525000000000000000e+04,7.526602378711487518e+02
7.530000000000000000e+04,7.534848876739906700e+02
7.535000000000000000e+04,7.543096796144483278e+02
7.540000000000000000e+04,7.551346136081815530e+02
7.545000000000000000e+04,7.559596895709544242e+02
7.550000000000000000e+04,7.567849074186279950e+02
7.555000000000000000e+04,7.576102670671617716e+02
7.560000000000000000e+04,7.584357684326342905e+02
7.565000000000000000e+04,7.592614114311994626e+02
7.570000000000000000e+04,7.600871959791217023e+02
7.575000000000000000e+04,7.609131219927687653e+02
7.580000000000000000e+04,7.617391893885967420e+02
7.585000000000000000e+04,7.625653980831746139e+02
7.590000000000000000e+04,7.633917479931695880e+02
7.595000000000000000e+04,7.642182390353181063e+02
7.600000000000000000e+04,7.650448711265012207e+02
7.605000000000000000e+04,7.658716441836684226e+02
7.610000000000000000e+04,7.666985581238648138e+02
7.615000000000000000e+04,7.675256128642561180e+02
7.620000000000000000e+04,7.683528083220860481e+02
7.625000000000000000e+04,7.691801444147025677e+02
7.630000000000000000e+04,7.700076210595511839e+02
7.635000000000000000e+04,7.708352381741715362e+02
7.640000000000000000e+04,7.716629956762046731e+02
7.645000000000000000e+04,7.724908934833816829e+02
7.650000000000000000e+04,7.733189315135367679e+02
7.655000000000000000e+04,7.741471096845921238e+02
7.660000000000000000e+04,7.749754279145807914e+02
7.665000000000000000e+04,7.758038861216114128e+02
7.670000000000000000e+04,7.766324842239032478e+02
7.675000000000000000e+04,7.774612221397700296e+02
7.680000000000000000e+04,7.782900997876105293e+02
7.685000000000000000e+04,7.791191170859270869e+02
7.690000000000000000e+04,7.799482739533153790e+02
7.695000000000000000e+04,7.807775703084648740e+02
7.700000000000000000e+04,7.816070060701546254e+02
7.705000000000000000e+04,7.824365811572696430e+02
7.710000000000000000e+04,7.832662954887715614e+02
7.715000000000000000e+04,7.840961489837400222e+02
7.720000000000000000e+04,7.849261415613202644e+02
7.725000000000000000e+04,7.857562731407701904e+02
7.730000000000000000e+04,7.865865436414316036e+02
7.735000000000000000e+04,7.874169529827521501e+02
7.740000000000000000e+04,7.882475010842545089e+02
7.745000000000000000e+04,7.890781878655593573e+02
7.750000000000000000e+04,7.899090132463885539e+02
7.755000000000000000e+04,7.907399771465560434e+02
7.760000000000000000e+04,7.915710794859462567e+02
7.765000000000000000e+04,7.924023201845647009e+02
7.770000000000000000e+04,7.932336991624841858e+02
7.775000000000000000e+04,7.940652163398897301e+02
7.780000000000000000e+04,7.948968716370401353e+02
7.785000000000000000e+04,7.957286649742931104e+02
7.790000000000000000e+04,7.965605962720974276e+02
7.795000000000000000e+04,7.973926654509890568e+02
7.800000000000000000e+04,7.982248724315959407e+02
7.805000000000000000e+04,7.990572171346510686e+02
7.810000000000000000e+04,7.998896994809424541e+02
7.815000000000000000e+04,8.007223193913870318e+02
7.820000000000000000e+04,8.015550767869561923e+02
7.825000000000000000e+04,8.023879715887436532e+02
7.830000000000000000e+04,8.032210037179064557e+02
7.835000000000000000e+04,8.040541730957069149e+02
7.840000000000000000e+04,8.048874796434946575e+02
7.845000000000000000e+04,8.057209232826871812e+02
7.850000000000000000e+04,8.065545039348209002e+02
7.855000000000000000e+04,8.073882215215033966e+02
7.860000000000000000e+04,8.082220759644372947e+02
7.865000000000000000e+04,8.090560671854026396e+02
7.870000000000000000e+04,8.098901951062881608e+02
7.875000000000000000e+04,8.107244596490435242e+02
7.880000000000000000e+04,8.115588607357208275e+02
7.885000000000000000e+04,8.123933982884675515e+02
7.890000000000000000e+04,8.132280722294991619e+02
7.895000000000000000e+04,8.140628824811304867e+02
7.900000000000000000e+04,8.148978289657597998e+02
7.905000000000000000e+04,8.157329116058698446e+02
7.910000000000000000e+04,8.165681303240462512e+02
7.915000000000000000e+04,8.174034850429247854e+02
7.920000000000000000e+04,8.182389756852629716e+02
7.925000000000000000e+04,8.190746021738880245e+02
7.930000000000000000e+04,8.199103644317203816e+02
7.935000000000000000e+04,8.207462623817590384e+02
7.940000000000000000e+04,8.215822959470809792e+02
7.945000000000000000e+04,8.224184650508714185e+02
7.950000000000000000e+04,8.232547696163812816e+02
7.955000000000000000e+04,8.240912095669527844e+02
7.960000000000000000e+04,8.249277848260088604e+02
7.965000000000000000e+04,8.257644953170704412e+02
7.970000000000000000e+04,8.266013409637175755e+02
7.975000000000000000e+04,8.274383216896451358e+02
7.980000000000000000e+04,8.282754374186115456e+02
7.985000000000000000e+04,8.291126880744595837e+02
7.990000000000000000e+04,8.299500735811259347e+02
7.995000000000000000e+04,8.307875938626198149e+02
8.000000000000000000e+04,8.316252488430462790e+02
8.005000000000000000e+04,8.324630384465763200e+02
8.010000000000000000e+04,8.333009625974930259e+02
8.015000000000000000e+04,8.341390212201240502e+02
8.020000000000000000e+04,8.349772142389086866e+02
8.025000000000000000e+04,8.358155415783495528e+02
8.030000000000000000e+04,8.366540031630549947e+02
8.035000000000000000e+04,8.374925989176930443e+02
8.040000000000000000e+04,8.383313287670252976e+02
8.045000000000000000e+04,8.391701926358971377e+02
8.050000000000000000e+04,8.400091904492209096e+02
8.055000000000000000e+04,8.408483221320095709e+02
8.060000000000000000e+04,8.416875876093436091e+02
8.065000000000000000e+04,8.425269868063936656e+02
8.070000000000000000e+04,8.433665196484048465e+02
8.075000000000000000e+04,8.442061860606979735e+02
8.080000000000000000e+04,8.450459859686989148e+02
8.085000000000000000e+04,8.458859192978875399e+02
8.090000000000000000e+04,8.467259859738387604e+02
8.095000000000000000e+04,8.475661859221999066e+02
8.100000000000000000e+04,8.484065190687066433e+02
8.105000000000000000e+04,8.492469853391617107e+02
8.110000000000000000e+04,8.500875846594601626e+02
8.115000000000000000e+04,8.509283169555787936e+02
8.120000000000000000e+04,8.517691821535564713e+02
8.125000000000000000e+04,8.526101801795297206e+02
8.130000000000000000e+04,8.534513109597045286e+02
8.135000000000000000e+04,8.542925744203679415e+02
8.140000000000000000e+04,8.551339704878887460e+02
8.145000000000000000e+04,8.559754990887083750e+02
8.150000000000000000e+04,8.568171601493572780e+02
8.155000000000000000e+04,8.576589535964301376e+02
8.160000000000000000e+04,8.585008793566097438e+02
8.165000000000000000e+04,8.593429373566613094e+02
8.170000000000000000e+04,8.601851275234087097e+02
8.175000000000000000e+04,8.610274497837810941e+02
8.180000000000000000e+04,8.618699040647578613e+02
8.185000000000000000e+04,8.627124902934154989e+02
8.190000000000000000e+04,8.635552083968990473e+02
8.195000000000000000e+04,8.643980583024371072e+02
8.200000000000000000e+04,8.652410399373255814e+02
8.205000000000000000e+04,8.660841532289377938e+02
8.210000000000000000e+04,8.669273981047460893e+02
8.215000000000000000e+04,8.677707744922679467e+02
8.220000000000000000e+04,8.686142823191132720e+02
8.225000000000000000e+04,8.694579215129778049e+02
8.230000000000000000e+04,8.703016920016077620e+02
8.235000000000000000e+04,8.711455937128494043e+02
8.240000000000000000e+04,8.719896265746092467e+02
8.245000000000000000e+04,8.728337905148861182e+02
8.250000000000000000e+04,8.736780854617333034e+02
8.255000000000000000e+04,8.745225113432951503e+02
8.260000000000000000e+04,8.753670680877953600e+02
8.265000000000000000e+04,8.762117556235091342e+02
8.270000000000000000e+04,8.770565738788104682e+02
8.275000000000000000e+04,8.779015227821407734e+02
8.280000000000000000e+04,8.787466022620067179e+02
8.285000000000000000e+04,8.795918122470134222e+02
8.290000000000000000e+04,8.804371526658134144e+02
8.295000000000000000e+04,8.812826234471463067e+02
8.300000000000000000e+04,8.821282245198378860e+02
8.305000000000000000e+04,8.829739558127554346e+02
8.310000000000000000e+04,8.838198172548761704e+02
8.315000000000000000e+04,8.846658087752255142e+02
8.320000000000000000e+04,8.855119303029135835e+02
8.325000000000000000e+04,8.863581817671313274e+02
8.330000000000000000e+04,8.872045630971256287e+02
8.335000000000000000e+04,8.880510742222253384e+02
8.340000000000000000e+04,8.888977150718363873e+02
8.345000000000000000e+04,8.897444855754333730e+02
8.350000000000000000e+04,8.905913856625606968e+02
8.355000000000000000e+04,8.914384152628437050e+02
8.360000000000000000e+04,8.922855743059719771e+02
8.365000000000000000e+04,8.931328627217127405e+02
8.370000000000000000e+04,8.939802804399046181e+02
8.375000000000000000e+04,8.948278273904553544e+02
8.380000000000000000e+04,8.956755035033546619e+02
8.385000000000000000e+04,8.965233087086485284e+02
8.390000000000000000e+04,8.973712429364637728e+02
8.395000000000000000e+04,8.982193061170069086e+02
8.400000000000000000e+04,8.990674981805319703e+02
8.405000000000000000e+04,8.999158190573973570e+02
8.410000000000000000e+04,9.007642686780044414e+02
8.415000000000000000e+04,9.016128469728350865e+02
8.420000000000000000e+04,9.024615538724443695e+02
8.425000000000000000e+04,9.033103893074626285e+02
8.430000000000000000e+04,9.041593532085855713e+02
8.435000000000000000e+04,9.050084455065738211e+02
8.440000000000000000e+04,9.058576661322653081e+02
8.445000000000000000e+04,9.067070150165673112e+02
8.450000000000000000e+04,9.075564920904678274e+02
8.455000000000000000e+04,9.084060972849987365e+02
8.460000000000000000e+04,9.092558305312851417e+02
8.465000000000000000e+04,9.101056917605154695e+02
8.470000000000000000e+04,9.109556809039486325e+02
8.475000000000000000e+04,9.118057978929078899e+02
8.480000000000000000e+04,9.126560426587898291e+02
8.485000000000000000e+04,9.135064151330560662e+02
8.490000000000000000e+04,9.143569152472531414e+02
8.495000000000000000e+04,9.152075429329801182e+02
8.500000000000000000e+04,9.160582981219058638e+02
8.505000000000000000e+04,9.169091807457784853e+02
8.510000000000000000e+04,9.177601907363995224e+02
8.515000000000000000e+04,9.186113280256550979e+02
8.520000000000000000e+04,9.194625925454939761e+02
8.525000000000000000e+04,9.203139842279381355e+02
8.530000000000000000e+04,9.211655030050516189e+02
8.535000000000000000e+04,9.220171488090053344e+02
8.540000000000000000e+04,9.228689215720166885e+02
8.545000000000000000e+04,9.237208212263698215e+02
8.550000000000000000e+04,9.245728477044232250e+02
8.555000000000000000e+04,9.254250009386095144e+02
8.560000000000000000e+04,9.262772808613999587e+02
8.565000000000000000e+04,9.271296874053768988e+02
8.570000000000000000e+04,9.279822205031450721e+02
8.575000000000000000e+04,9.288348800874116478e+02
8.580000000000000000e+04,9.296876660909363181e+02
8.585000000000000000e+04,9.305405784465388024e+02
8.590000000000000000e+04,9.313936170871215836e+02
8.595000000000000000e+04,9.322467819456401230e+02
8.600000000000000000e+04,9.331000729551263930e+02
8.605000000000000000e+04,9.339534900486651168e+02
8.610000000000000000e+04,9.348070331594236677e+02
8.615000000000000000e+04,9.356607022206384272e+02
8.620000000000000000e+04,9.365144971655886366e+02
8.625000000000000000e+04,9.373684179276317536e+02
8.630000000000000000e+04,9.382224644401976548e+02
8.635000000000000000e+04,9.390766366367738556e+02
8.640000000000000000e+04,9.399309344509186985e+02
8.645000000000000000e+04,9.407853578162576014e+02
8.650000000000000000e+04,9.416399066664693009e+02
8.655000000000000000e+04,9.424945809353087043e+02
8.660000000000000000e+04,9.433493805566025685e+02
8.665000000000000000e+04,9.442043054642200559e+02
8.670000000000000000e+04,9.450593555921101370e+02
8.675000000000000000e+04,9.459145308742919269e+02
8.680000000000000000e+04,9.467698312448407023e+02
8.685000000000000000e+04,9.476252566379030213e+02
8.690000000000000000e+04,9.484808069876702348e+02
8.695000000000000000e+04,9.493364822284264619e+02
8.700000000000000000e+04,9.501922822945026610e+02
8.705000000000000000e+04,9.510482071202984571e+02
8.710000000000000000e+04,9.519042566402758894e+02
8.715000000000000000e+04,9.527604307889695292e+02
8.720000000000000000e+04,9.536167295009545342e+02
8.725000000000000000e+04,9.544731527109038325e+02
8.730000000000000000e+04,9.553297003535251406e+02
8.735000000000000000e+04,9.561863723636015493e+02
8.740000000000000000e+04,9.570431686759806098e+02
8.745000000000000000e+04,9.579000892255704684e+02
8.750000000000000000e+04,9.587571339473462331e+02
8.755000000000000000e+04,9.596143027763396276e+02
8.760000000000000000e+04,9.604715956476455858e+02
8.765000000000000000e+04,9.613290124964356664e+02
8.770000000000000000e+04,9.621865532579217870e+02
8.775000000000000000e+04,9.630442178674045408e+02
8.780000000000000000e+04,9.639020062602148755e+02
8.785000000000000000e+04,9.647599183717833284e+02
8.790000000000000000e+04,9.656179541375669260e+02
8.795000000000000000e+04,9.664761134931147808e+02
8.800000000000000000e+04,9.673343963740200024e+02
8.805000000000000000e+04,9.681928027159401609e+02
8.810000000000000000e+04,9.690513324546025160e+02
8.815000000000000000e+04,9.699099855257873060e+02
8.820000000000000000e+04,9.707687618653454820e+02
8.825000000000000000e+04,9.716276614091696047e+02
8.830000000000000000e+04,9.724866840932537571e+02
8.835000000000000000e+04,9.733458298536129405e+02
8.840000000000000000e+04,9.742050986263367349e+02
8.845000000000000000e+04,9.750644903475824776e+02
8.850000000000000000e+04,9.759240049535687831e+02
8.855000000000000000e+04,9.767836423805596269e+02
8.860000000000000000e+04,9.776434025648960642e+02
8.865000000000000000e+04,9.785032854429881581e+02
8.870000000000000000e+04,9.793632909512773494e+02
8.875000000000000000e+04,9.802234190262768152e+02
8.880000000000000000e+04,9.810836696045813596e+02
8.885000000000000000e+04,9.819440426228214847e+02
8.890000000000000000e+04,9.828045380176964727e+02
8.895000000000000000e+04,9.836651557259755236e+02
8.900000000000000000e+04,9.845258956844634213e+02
8.905000000000000000e+04,9.853867578300461219e+02
8.910000000000000000e+04,9.862477420996603996e+02
8.915000000000000000e+04,9.871088484303166979e+02
8.920000000000000000e+04,9.879700767590651367e+02
8.925000000000000000e+04,9.888314270230181364e+02
8.930000000000000000e+04,9.896928991593647424e+02
8.935000000000000000e+04,9.905544931053425444e+02
8.940000000000000000e+04,9.914162087982384719e+02
8.945000000000000000e+04,9.922780461754189218e+02
8.950000000000000000e+04,9.931400051742948563e+02
8.955000000000000000e+04,9.940020857323384007e+02
8.960000000000000000e+04,9.948642877870923940e+02
8.965000000000000000e+04,9.957266112761252543e+02
8.970000000000000000e+04,9.965890561371159038e+02
8.975000000000000000e+04,9.974516223077584982e+02
8.980000000000000000e+04,9.983143097258327998e+02
8.985000000000000000e+04,9.991771183291422176e+02
8.990000000000000000e+04,1.000040048055596685e+03
8.995000000000000000e+04,1.000903098843122962e+03
9.000000000000000000e+04,1.001766270629729888e+03
9.005000000000000000e+04,1.002629563353467461e+03
9.010000000000000000e+04,1.003492976952465028e+03
9.015000000000000000e+04,1.004356511364893663e+03
9.020000000000000000e+04,1.005220166528977416e+03
9.025000000000000000e+04,1.006083942383019917e+03
9.030000000000000000e+04,1.006947838865356516e+03
9.035000000000000000e+04,1.007811855914405783e+03
9.040000000000000000e+04,1.008675993468624824e+03
9.045000000000000000e+04,1.009540251466532254e+03
9.050000000000000000e+04,1.010404629846705006e+03
9.055000000000000000e+04,1.011269128547780042e+03
9.060000000000000000e+04,1.012133747508444912e+03
9.065000000000000000e+04,1.012998486667460611e+03
9.070000000000000000e+04,1.013863345963618599e+03
9.075000000000000000e+04,1.014728325335783325e+03
9.080000000000000000e+04,1.015593424722883356e+03
9.085000000000000000e+04,1.016458644063886936e+03
9.090000000000000000e+04,1.017323983297825748e+03
9.095000000000000000e+04,1.018189442363790135e+03
9.100000000000000000e+04,1.019055021200922170e+03
9.105000000000000000e+04,1.019920719748429406e+03
9.110000000000000000e+04,1.020786537945560440e+03
9.115000000000000000e+04,1.021652475731636287e+03
9.120000000000000000e+04,1.022518533046015364e+03
9.125000000000000000e+04,1.023384709828137716e+03
9.130000000000000000e+04,1.024251006017469535e+03
9.135000000000000000e+04,1.025117421553566373e+03
9.140000000000000000e+04,1.025983956375991738e+03
9.145000000000000000e+04,1.026850610424415663e+03
9.150000000000000000e+04,1.027717383638535921e+03
9.155000000000000000e+04,1.028584275958111675e+03
9.160000000000000000e+04,1.029451287322948929e+03
9.165000000000000000e+04,1.030318417672929627e+03
9.170000000000000000e+04,1.031185666947968457e+03
9.175000000000000000e+04,1.032053035088041270e+03
9.180000000000000000e+04,1.032920522033190537e+03
9.185000000000000000e+04,1.033788127723497155e+03
9.190000000000000000e+04,1.034655852099110234e+03
9.195000000000000000e+04,1.035523695100229133e+03
9.200000000000000000e+04,1.036391656667101415e+03
9.205000000000000000e+04,1.037259736740035578e+03
9.210000000000000000e+04,1.038127935259386959e+03
9.215000000000000000e+04,1.038996252165583201e+03
9.220000000000000000e+04,1.039864687399088780e+03
9.225000000000000000e+04,1.040733240900426836e+03
9.230000000000000000e+04,1.041601912610174622e+03
9.235000000000000000e+04,1.042470702468963509e+03
9.240000000000000000e+04,1.043339610417487165e+03
9.245000000000000000e+04,1.044208636396475185e+03
9.250000000000000000e+04,1.045077780346732425e+03
9.255000000000000000e+04,1.045947042209088067e+03
9.260000000000000000e+04,1.046816421924465430e+03
9.265000000000000000e+04,1.047685919433794425e+03
9.270000000000000000e+04,1.048555534678100457e+03
9.275000000000000000e+04,1.049425267598444407e+03
9.280000000000000000e+04,1.050295118135931034e+03
9.285000000000000000e+04,1.051165086231733540e+03
9.290000000000000000e+04,1.052035171827069462e+03
9.295000000000000000e+04,1.052905374863210000e+03
9.300000000000000000e+04,1.053775695281485923e+03
9.305000000000000000e+04,1.054646133023275297e+03
9.310000000000000000e+04,1.055516688030008936e+03
9.315000000000000000e+04,1.056387360243165176e+03
9.320000000000000000e+04,1.057258149604291475e+03
9.325000000000000000e+04,1.058129056054974626e+03
9.330000000000000000e+04,1.059000079536849853e+03
9.335000000000000000e+04,1.059871219991617636e+03
9.340000000000000000e+04,1.060742477361020519e+03
9.345000000000000000e+04,1.061613851586861529e+03
9.350000000000000000e+04,1.062485342610984844e+03
9.355000000000000000e+04,1.063356950375304450e+03
9.360000000000000000e+04,1.064228674821756158e+03
9.365000000000000000e+04,1.065100515892363546e+03
9.370000000000000000e+04,1.065972473529182025e+03
9.375000000000000000e+04,1.066844547674303158e+03
9.380000000000000000e+04,1.067716738269919460e+03
9.385000000000000000e+04,1.068589045258222768e+03
9.390000000000000000e+04,1.069461468581481995e+03
9.395000000000000000e+04,1.070334008182013804e+03
9.400000000000000000e+04,1.071206664002187154e+03
9.405000000000000000e+04,1.072079435984416705e+03
9.410000000000000000e+04,1.072952324071171461e+03
9.415000000000000000e+04,1.073825328204977723e+03
9.420000000000000000e+04,1.074698448328403174e+03
9.425000000000000000e+04,1.075571684384071659e+03
9.430000000000000000e+04,1.076445036314659774e+03
9.435000000000000000e+04,1.077318504062877082e+03
9.440000000000000000e+04,1.078192087571512957e+03
9.445000000000000000e+04,1.079065786783392696e+03
9.450000000000000000e+04,1.079939601641385707e+03
9.455000000000000000e+04,1.080813532088423699e+03
9.460000000000000000e+04,1.081687578067480672e+03
9.465000000000000000e+04,1.082561739521584514e+03
9.470000000000000000e+04,1.083436016393807449e+03
9.475000000000000000e+04,1.084310408627288098e+03
9.480000000000000000e+04,1.085184916165198274e+03
9.485000000000000000e+04,1.086059538950762317e+03
9.490000000000000000e+04,1.086934276927258907e+03
9.495000000000000000e+04,1.087809130038020157e+03
9.500000000000000000e+04,1.088684098226419792e+03
9.505000000000000000e+04,1.089559181435885876e+03
9.510000000000000000e+04,1.090434379609893313e+03
9.515000000000000000e+04,1.091309692691972259e+03
9.520000000000000000e+04,1.092185120625698119e+03
9.525000000000000000e+04,1.093060663354688359e+03
9.530000000000000000e+04,1.093936320822623429e+03
9.535000000000000000e+04,1.094812092973229028e+03
9.540000000000000000e+04,1.095687979750274508e+03
9.545000000000000000e+04,1.096563981097582655e+03
9.550000000000000000e+04,1.097440096959025368e+03
9.555000000000000000e+04,1.098316327278520703e+03
9.560000000000000000e+04,1.099192672000043103e+03
9.565000000000000000e+04,1.100069131067604758e+03
9.570000000000000000e+04,1.100945704425269469e+03
9.575000000000000000e+04,1.101822392017161064e+03
9.580000000000000000e+04,1.102699193787444074e+03
9.585000000000000000e+04,1.103576109680319178e+03
9.590000000000000000e+04,1.104453139640055952e+03
9.595000000000000000e+04,1.105330283610965580e+03
9.600000000000000000e+04,1.106207541537399720e+03
9.605000000000000000e+04,1.107084913363777559e+03
9.610000000000000000e+04,1.107962399034529881e+03
9.615000000000000000e+04,1.108839998494184556e+03
9.620000000000000000e+04,1.109717711687266501e+03
9.625000000000000000e+04,1.110595538558401358e+03
9.630000000000000000e+04,1.111473479052217272e+03
9.635000000000000000e+04,1.112351533113411961e+03
9.640000000000000000e+04,1.113229700686733622e+03
9.645000000000000000e+04,1.114107981716954782e+03
9.650000000000000000e+04,1.114986376148939144e+03
9.655000000000000000e+04,1.115864883927553137e+03
9.660000000000000000e+04,1.116743504997729815e+03
9.665000000000000000e+04,1.117622239304459526e+03
9.670000000000000000e+04,1.118501086792758542e+03
9.675000000000000000e+04,1.119380047407707025e+03
9.680000000000000000e+04,1.120259121094428565e+03
9.685000000000000000e+04,1.121138307798089272e+03
9.690000000000000000e+04,1.122017607463902777e+03
9.695000000000000000e+04,1.122897020037139555e+03
9.700000000000000000e+04,1.123776545463100092e+03
9.705000000000000000e+04,1.124656183687146267e+03
9.710000000000000000e+04,1.125535934654685207e+03
9.715000000000000000e+04,1.126415798311161097e+03
9.720000000000000000e+04,1.127295774602082247e+03
9.725000000000000000e+04,1.128175863472978790e+03
9.730000000000000000e+04,1.129056064869448619e+03
9.735000000000000000e+04,1.129936378737133282e+03
9.740000000000000000e+04,1.130816805021703203e+03
9.745000000000000000e+04,1.131697343668893382e+03
9.750000000000000000e+04,1.132577994624485427e+03
9.755000000000000000e+04,1.133458757834301650e+03
9.760000000000000000e+04,1.134339633244204833e+03
9.765000000000000000e+04,1.135220620800113011e+03
9.770000000000000000e+04,1.136101720447986509e+03
9.775000000000000000e+04,1.136982932133828626e+03
9.780000000000000000e+04,1.137864255803694505e+03
9.785000000000000000e+04,1.138745691403687488e+03
9.790000000000000000e+04,1.139627238879942297e+03
9.795000000000000000e+04,1.140508898178653226e+03
9.800000000000000000e+04,1.141390669246059360e+03
9.805000000000000000e+04,1.142272552028438668e+03
9.810000000000000000e+04,1.143154546472119364e+03
9.815000000000000000e+04,1.144036652523464454e+03
9.820000000000000000e+04,1.144918870128902199e+03
9.825000000000000000e+04,1.145801199234895194e+03
9.830000000000000000e+04,1.146683639787941502e+03
9.835000000000000000e+04,1.147566191734612175e+03
9.840000000000000000e+04,1.148448855021484405e+03
9.845000000000000000e+04,1.149331629595219738e+03
9.850000000000000000e+04,1.150214515402488814e+03
9.855000000000000000e+04,1.151097512390044130e+03
9.860000000000000000e+04,1.151980620504655917e+03
9.865000000000000000e+04,1.152863839693144200e+03
9.870000000000000000e+04,1.153747169902374708e+03
9.875000000000000000e+04,1.154630611079269329e+03
9.880000000000000000e+04,1.155514163170785196e+03
9.885000000000000000e+04,1.156397826123907635e+03
9.890000000000000000e+04,1.157281599885702917e+03
9.895000000000000000e+04,1.158165484403249593e+03
9.900000000000000000e+04,1.159049479623690786e+03
9.905000000000000000e+04,1.159933585494207591e+03
9.910000000000000000e+04,1.160817801962014528e+03
9.915000000000000000e+04,1.161702128974380230e+03
9.920000000000000000e+04,1.162586566478623126e+03
9.925000000000000000e+04,1.163471114422100300e+03
9.930000000000000000e+04,1.164355772752198163e+03
9.935000000000000000e+04,1.165240541416381575e+03
9.940000000000000000e+04,1.166125420362120622e+03
9.945000000000000000e+04,1.167010409536959969e+03
9.950000000000000000e+04,1.167895508888470886e+03
9.955000000000000000e+04,1.168780718364272616e+03
9.960000000000000000e+04,1.169666037912023512e+03
9.965000000000000000e+04,1.170551467479440134e+03
9.970000000000000000e+04,1.171437007014272240e+03
9.975000000000000000e+04,1.172322656464289139e+03
9.980000000000000000e+04,1.173208415777360869e+03
9.985000000000000000e+04,1.174094284901354058e+03
9.990000000000000000e+04,1.174980263784195813e+03
9.995000000000000000e+04,1.175866352373845757e+03
1.000000000000000000e+05,1.176752550618319447e+03
